Paginas,Rank
canela,0.011434756515775035
comino,0.030236263824588473
elbananero,0.07903324331275718
facebook,0.24245776266718105
google,0.12063895854766803
laptop,0.0
mentiras,0.03151389960562414
sopitas,0.062369389789094634
twitter,0.19160250021433467
vine,0.06214467324674211
wired,0.0
youtube,0.16856855227623457
