Paginas,Rank
benshorts,0.023339596949891066
canela,0.023901098402323892
comino,0.037490958605664496
elbananero,0.07460091684822076
facebook,0.10931491466957152
google,0.11061746096586782
hackernews,0.04191845497458242
laptop,0.01532182734204793
medium,0.06674867919389979
mentiras,0.05281151506899056
sopitas,0.07338770424836602
techcrunch,0.03139945533769063
theverge,0.04606515522875816
twitter,0.10621025326797387
vine,0.052208646514161225
wired,0.03255274146695715
youtube,0.10211062091503267
