Paginas,Rank
elbananero,0.06899862825788752
facebook,0.34101508916323725
google,0.11220850480109737
twitter,0.27338820301783257
youtube,0.20438957475994507
